NOME,ID,TIPOS,DESCRICAO,GIF
Bulbasaur,1,Grama/Veneno,Há uma semente de planta em suas costas desde o dia em que este Pokémon nasceu. A semente cresce lentamente.,https://raw.githubusercontent.com/PokeAPI/sprites/master/sprites/pokemon/versions/generation-v/black-white/animated/1.gif
Ivysaur,2,Grama/Veneno,"Há um bulbo de planta em suas costas. Quando absorve nutrientes, diz-se que o bulbo se transforma em uma grande flor.",https://raw.githubusercontent.com/PokeAPI/sprites/master/sprites/pokemon/versions/generation-v/black-white/animated/2.gif
Venusaur,3,Grama/Veneno,Um aroma fascinante exala de sua flor. A fragrância acalma aqueles envolvidos em uma batalha.,https://raw.githubusercontent.com/PokeAPI/sprites/master/sprites/pokemon/versions/generation-v/black-white/animated/3.gif
Charmander,4,Fogo,"Desde que nasce, uma chama arde na ponta de sua cauda. Sua vida terminaria se a chama se apagasse.",https://raw.githubusercontent.com/PokeAPI/sprites/master/sprites/pokemon/versions/generation-v/black-white/animated/4.gif
Charmeleon,5,Fogo,"Ele chicoteia com sua cauda para derrubar seu inimigo. Em seguida, rasga o oponente caído com garras afiadas.",https://raw.githubusercontent.com/PokeAPI/sprites/master/sprites/pokemon/versions/generation-v/black-white/animated/5.gif
Charizard,6,Fogo/Voador,Suas asas podem carregar este Pokémon a uma altitude próxima de 4.600 pés. Ele apaga o fogo em temperaturas muito altas.,https://raw.githubusercontent.com/PokeAPI/sprites/master/sprites/pokemon/versions/generation-v/black-white/animated/6.gif
Squirtle,7,Água,"Quando retrai seu longo pescoço em sua concha, esguicha água com força vigorosa.",https://raw.githubusercontent.com/PokeAPI/sprites/master/sprites/pokemon/versions/generation-v/black-white/animated/7.gif
Wartortle,8,Água,Este Pokémon é muito popular como animal de estimação. Sua cauda coberta de pelos é um símbolo de sua longevidade.,https://raw.githubusercontent.com/PokeAPI/sprites/master/sprites/pokemon/versions/generation-v/black-white/animated/8.gif
Blastoise,9,Água,"Ele esmaga seu inimigo sob seu corpo pesado para causar desmaios. Em uma pitada, ele se retirará para dentro de sua casca.",https://raw.githubusercontent.com/PokeAPI/sprites/master/sprites/pokemon/versions/generation-v/black-white/animated/9.gif
Caterpie,10,Inseto,"É coberto com uma pele verde. Quando cresce, muda de pele, cobre-se de seda e torna-se um casulo.",https://raw.githubusercontent.com/PokeAPI/sprites/master/sprites/pokemon/versions/generation-v/black-white/animated/10.gif
Metapod,11,Inseto,"Embora envolto em uma casca resistente, o corpo por dentro é macio. Não pode resistir a um ataque duro.",https://raw.githubusercontent.com/PokeAPI/sprites/master/sprites/pokemon/versions/generation-v/black-white/animated/11.gif
Butterfree,12,Inseto/Voador,"As asas são protegidas por poeira repelente de chuva. Como resultado, este Pokémon pode Voador mesmo na chuva.",https://raw.githubusercontent.com/PokeAPI/sprites/master/sprites/pokemon/versions/generation-v/black-white/animated/12.gif
Weedle,13,Inseto/Veneno,Frequentemente encontrado em florestas e pastagens. Tem uma farpa afiada e tóxica de cerca de cinco centímetros no topo da cabeça.,https://raw.githubusercontent.com/PokeAPI/sprites/master/sprites/pokemon/versions/generation-v/black-white/animated/13.gif
Kakuna,14,Inseto/Veneno,Este Pokémon está em um estágio temporário enquanto faz seu corpo. É quase completamente incapaz de se mover por conta própria.,https://raw.githubusercontent.com/PokeAPI/sprites/master/sprites/pokemon/versions/generation-v/black-white/animated/14.gif
Beedrill,15,Inseto/Veneno,"Pode aparecer em um enxame. Voa a velocidades violentas, o tempo todo esfaqueando com o ferrão tóxico em sua parte traseira.",https://raw.githubusercontent.com/PokeAPI/sprites/master/sprites/pokemon/versions/generation-v/black-white/animated/15.gif
Pidgey,16,Normal/Voador,"Não gosta de lutar. Ele se esconde na grama alta e assim por diante, procurando comida, como pequenos insetos.",https://raw.githubusercontent.com/PokeAPI/sprites/master/sprites/pokemon/versions/generation-v/black-white/animated/16.gif
Pidgeotto,17,Normal/Voador,As garras em seus pés são bem desenvolvidas. Ele pode carregar presas como um EXEGGCUTE para seu ninho a mais de 60 milhas de distância.,https://raw.githubusercontent.com/PokeAPI/sprites/master/sprites/pokemon/versions/generation-v/black-white/animated/17.gif
Pidgeot,18,Normal/Voador,Ele abre suas lindas asas amplamente para intimidar os inimigos. Ele corre pelos céus na velocidade Mach-2.,https://raw.githubusercontent.com/PokeAPI/sprites/master/sprites/pokemon/versions/generation-v/black-white/animated/18.gif
Rattata,19,Normal,"Suas presas são longas e muito afiadas. Eles crescem continuamente, então é difícil reduzi-los.",https://raw.githubusercontent.com/PokeAPI/sprites/master/sprites/pokemon/versions/generation-v/black-white/animated/19.gif
Raticate,20,Normal,"Seus pés traseiros têm três dedos cada. Eles são palmados, permitindo que ele nade através dos rios.",https://raw.githubusercontent.com/PokeAPI/sprites/master/sprites/pokemon/versions/generation-v/black-white/animated/20.gif
Spearow,21,Normal/Voador,"Ele voa ativamente por aqui e ali. Mesmo que seja frágil, pode ser um inimigo difícil que usa MIRROR MOVE.",https://raw.githubusercontent.com/PokeAPI/sprites/master/sprites/pokemon/versions/generation-v/black-white/animated/21.gif
Fearow,22,Normal/Voador,Suas enormes e magníficas asas podem mantê-lo no ar. Pode ficar voando um dia inteiro sem pousar.,https://raw.githubusercontent.com/PokeAPI/sprites/master/sprites/pokemon/versions/generation-v/black-white/animated/22.gif
Ekans,23,Veneno,"Uma visão muito comum em pastagens, etc. Ele move sua língua para dentro e para fora para sentir o perigo ao seu redor.",https://raw.githubusercontent.com/PokeAPI/sprites/master/sprites/pokemon/versions/generation-v/black-white/animated/23.gif
Arbok,24,Veneno,O padrão em sua barriga parece ser um rosto assustador. Inimigos fracos fugirão apenas ao ver o padrão.,https://raw.githubusercontent.com/PokeAPI/sprites/master/sprites/pokemon/versions/generation-v/black-white/animated/24.gif
Pikachu,25,Elétrico,"Tem pequenos sacos elétricos em ambas as bochechas. Se ameaçado, perde cargas elétricas das bolsas.",https://raw.githubusercontent.com/PokeAPI/sprites/master/sprites/pokemon/versions/generation-v/black-white/animated/25.gif
Raichu,26,Elétrico,Suas cargas elétricas podem atingir até 100.000 volts. O contato descuidado pode fazer até mesmo um elefante indiano desmaiar.,https://raw.githubusercontent.com/PokeAPI/sprites/master/sprites/pokemon/versions/generation-v/black-white/animated/26.gif
Sandshrew,27,Terra,"Ele se enterra e vive no subsolo. Se ameaçado, ele se enrola em uma bola para proteção.",https://raw.githubusercontent.com/PokeAPI/sprites/master/sprites/pokemon/versions/generation-v/black-white/animated/27.gif
Sandslash,28,Terra,É hábil em atacar com os espinhos nas costas e suas garras afiadas enquanto corre rapidamente.,https://raw.githubusercontent.com/PokeAPI/sprites/master/sprites/pokemon/versions/generation-v/black-white/animated/28.gif
Nidoran♀,29,Veneno,"Embora pequeno, deve ser tratado com cautela por causa de suas farpas altamente tóxicas. A fêmea tem chifres menores.",https://raw.githubusercontent.com/PokeAPI/sprites/master/sprites/pokemon/versions/generation-v/black-white/animated/29.gif
Nidorina,30,Veneno,A fêmea tem um temperamento gentil. Ele emite gritos ultrassônicos que têm o poder de confundir os inimigos.,https://raw.githubusercontent.com/PokeAPI/sprites/master/sprites/pokemon/versions/generation-v/black-white/animated/30.gif
Nidoqueen,31,Veneno/Terra,"O corpo é coberto por escamas rígidas em forma de agulha. Se ficar excitado, as agulhas se eriçarão para fora.",https://raw.githubusercontent.com/PokeAPI/sprites/master/sprites/pokemon/versions/generation-v/black-white/animated/31.gif
Nidoran♂,32,Veneno,Suas orelhas grandes batem como asas quando ouve sons distantes. Ele estende farpas tóxicas quando irritado.,https://raw.githubusercontent.com/PokeAPI/sprites/master/sprites/pokemon/versions/generation-v/black-white/animated/32.gif
Nidorino,33,Veneno,"É facilmente irritado. Ao balançar seu chifre bem desenvolvido descontroladamente, ele pode até perfurar diamantes.",https://raw.githubusercontent.com/PokeAPI/sprites/master/sprites/pokemon/versions/generation-v/black-white/animated/33.gif
Nidoking,34,Veneno/Terra,"É reconhecido por sua pele dura como pedra e seu chifre estendido. Tenha cuidado com o chifre, pois contém veneno.",https://raw.githubusercontent.com/PokeAPI/sprites/master/sprites/pokemon/versions/generation-v/black-white/animated/34.gif
Clefairy,35,Fada,"Sua aparência adorável o torna popular como animal de estimação. No entanto, é raro e difícil de encontrar.",https://raw.githubusercontent.com/PokeAPI/sprites/master/sprites/pokemon/versions/generation-v/black-white/animated/35.gif
Clefable,36,Fada,Tem um senso de audição aguçado. Ele pode facilmente ouvir um alfinete caindo a quase 1.100 metros de distância.,https://raw.githubusercontent.com/PokeAPI/sprites/master/sprites/pokemon/versions/generation-v/black-white/animated/36.gif
Vulpix,37,Fogo,"Enquanto jovem, tem seis lindas caudas. Quando cresce, várias novas caudas brotam.",https://raw.githubusercontent.com/PokeAPI/sprites/master/sprites/pokemon/versions/generation-v/black-white/animated/37.gif
Ninetales,38,Fogo,Tem nove longas caudas e pêlos que brilham como ouro. Diz-se que vive por 1.000 anos.,https://raw.githubusercontent.com/PokeAPI/sprites/master/sprites/pokemon/versions/generation-v/black-white/animated/38.gif
Jigglypuff,39,Normal/Fada,Ele cativa os inimigos com seus enormes olhos redondos e os embala para dormir cantando uma melodia suave.,https://raw.githubusercontent.com/PokeAPI/sprites/master/sprites/pokemon/versions/generation-v/black-white/animated/39.gif
Wigglytuff,40,Normal/Fada,"Sua pelagem é extremamente fina, densa e flexível. A pele requintadamente agradável transmite uma imagem de luxo.",https://raw.githubusercontent.com/PokeAPI/sprites/master/sprites/pokemon/versions/generation-v/black-white/animated/40.gif
Zubat,41,Veneno/Voador,"Não tem olhos. Em vez disso, ele conta com seus gritos ultrassônicos para que a localização do eco voe na escuridão.",https://raw.githubusercontent.com/PokeAPI/sprites/master/sprites/pokemon/versions/generation-v/black-white/animated/41.gif
Golbat,42,Veneno/Voador,Ele aperta sua presa com presas afiadas e drena mais de 10 onças de sangue em um gole.,https://raw.githubusercontent.com/PokeAPI/sprites/master/sprites/pokemon/versions/generation-v/black-white/animated/42.gif
Oddish,43,Grama/Veneno,"Seu nome científico é “Oddium Wanderus”. À noite, diz-se que caminha cerca de 1.000 pés em suas duas raízes.",https://raw.githubusercontent.com/PokeAPI/sprites/master/sprites/pokemon/versions/generation-v/black-white/animated/43.gif
Gloom,44,Grama/Veneno,"Seus pistilos exalam um odor incrivelmente fétido. O fedor horrível pode causar desmaios a uma distância de 1,25 milhas.",https://raw.githubusercontent.com/PokeAPI/sprites/master/sprites/pokemon/versions/generation-v/black-white/animated/44.gif
Vileplume,45,Grama/Veneno,Suas pétalas são as maiores do mundo. Espalha diabolicamente o pólen causador de alergia de suas pétalas.,https://raw.githubusercontent.com/PokeAPI/sprites/master/sprites/pokemon/versions/generation-v/black-white/animated/45.gif
Paras,46,Inseto/Grama,Nas costas do inseto crescem cogumelos chamados tochukaso. Os cogumelos crescem com o hospedeiro do inseto.,https://raw.githubusercontent.com/PokeAPI/sprites/master/sprites/pokemon/versions/generation-v/black-white/animated/46.gif
Parasect,47,Inseto/Grama,"Espalha esporos tóxicos da tampa do cogumelo. Na China, os esporos são usados ​​como fitoterápicos.",https://raw.githubusercontent.com/PokeAPI/sprites/master/sprites/pokemon/versions/generation-v/black-white/animated/47.gif
Venonat,48,Inseto/Veneno,"Seus olhos agem como radar, permitindo que ele seja ativo na escuridão. Os olhos também podem disparar feixes poderosos.",https://raw.githubusercontent.com/PokeAPI/sprites/master/sprites/pokemon/versions/generation-v/black-white/animated/48.gif
Venomoth,49,Inseto/Veneno,"As asas são cobertas com escamas semelhantes a poeira. Cada vez que bate as asas, solta poeira altamente tóxica.",https://raw.githubusercontent.com/PokeAPI/sprites/master/sprites/pokemon/versions/generation-v/black-white/animated/49.gif
Diglett,50,Terra,"Ele se enterra no solo em uma profundidade rasa. Ele deixa terra levantada em seu rastro, tornando-o fácil de detectar.",https://raw.githubusercontent.com/PokeAPI/sprites/master/sprites/pokemon/versions/generation-v/black-white/animated/50.gif
Dugtrio,51,Terra,"Em batalha, ele escava o solo e atinge o inimigo desavisado de uma direção inesperada.",https://raw.githubusercontent.com/PokeAPI/sprites/master/sprites/pokemon/versions/generation-v/black-white/animated/51.gif
Meowth,52,Normal,"Tudo o que faz é dormir durante o dia. À noite, patrulha seu território com os olhos brilhando.",https://raw.githubusercontent.com/PokeAPI/sprites/master/sprites/pokemon/versions/generation-v/black-white/animated/52.gif
Persian,53,Normal,Tem um temperamento vicioso. Cuidado se ele levantar a cauda para cima. É um sinal de que está prestes a atacar e morder.,https://raw.githubusercontent.com/PokeAPI/sprites/master/sprites/pokemon/versions/generation-v/black-white/animated/53.gif
Psyduck,54,Água,"É constantemente assolado por uma dor de cabeça. Quando a dor de cabeça fica intensa, ela começa a usar poderes misteriosos.",https://raw.githubusercontent.com/PokeAPI/sprites/master/sprites/pokemon/versions/generation-v/black-white/animated/54.gif
Golduck,55,Água,"As patas dianteiras são palmadas, ajudando a torná-lo um nadador adepto. Pode ser visto nadando elegantemente em lagos, etc.",https://raw.githubusercontent.com/PokeAPI/sprites/master/sprites/pokemon/versions/generation-v/black-white/animated/55.gif
Mankey,56,Lutador,"Leve e ágil em seus pés e feroz em temperamento. Quando irritado, ele voa em um frenesi incontrolável.",https://raw.githubusercontent.com/PokeAPI/sprites/master/sprites/pokemon/versions/generation-v/black-white/animated/56.gif
Primeape,57,Lutador,"É sempre escandalosamente furioso. Se ele o perseguir, rastreará tenazmente o alvo, não importa a distância.",https://raw.githubusercontent.com/PokeAPI/sprites/master/sprites/pokemon/versions/generation-v/black-white/animated/57.gif
Growlithe,58,Fogo,Muito amigável e fiel às pessoas. Ele tentará repelir os inimigos latindo e mordendo.,https://raw.githubusercontent.com/PokeAPI/sprites/master/sprites/pokemon/versions/generation-v/black-white/animated/58.gif
Arcanine,59,Fogo,Um Pokémon que é descrito nas lendas chinesas. Diz-se que corre a uma velocidade inacreditável.,https://raw.githubusercontent.com/PokeAPI/sprites/master/sprites/pokemon/versions/generation-v/black-white/animated/59.gif
Poliwag,60,Água,Sua pele negra e lisa é fina e úmida. Uma parte de seus órgãos internos pode ser vista através da pele como um padrão espiral.,https://raw.githubusercontent.com/PokeAPI/sprites/master/sprites/pokemon/versions/generation-v/black-white/animated/60.gif
Poliwhirl,61,Água,"Suas duas pernas são bem desenvolvidas. Embora possa viver no Terra, prefere viver na água.",https://raw.githubusercontent.com/PokeAPI/sprites/master/sprites/pokemon/versions/generation-v/black-white/animated/61.gif
Poliwrath,62,água/luta,"Um nadador adepto, ele conhece o nado crawl, borboleta e muito mais. É mais rápido que os melhores nadadores humanos.",https://raw.githubusercontent.com/PokeAPI/sprites/master/sprites/pokemon/versions/generation-v/black-white/animated/62.gif
Abra,63,Psíquico,Dorme 18 horas por dia. Ele usa uma variedade de poderes extra-sensoriais mesmo durante o sono.,https://raw.githubusercontent.com/PokeAPI/sprites/master/sprites/pokemon/versions/generation-v/black-white/animated/63.gif
Kadabra,64,Psíquico,Aconteceu uma manhã - um menino com poderes extra-sensoriais acordou na cama transformado em KADABRA.,https://raw.githubusercontent.com/PokeAPI/sprites/master/sprites/pokemon/versions/generation-v/black-white/animated/64.gif
Alakazam,65,Psíquico,"Não gosta muito de ataques físicos. Em vez disso, ele usa livremente poderes extra-sensoriais para derrotar inimigos.",https://raw.githubusercontent.com/PokeAPI/sprites/master/sprites/pokemon/versions/generation-v/black-white/animated/65.gif
Machop,66,Lutador,"Todo o seu corpo é composto por músculos. Mesmo sendo do tamanho de uma criança humana, pode arremessar 100 adultos.",https://raw.githubusercontent.com/PokeAPI/sprites/master/sprites/pokemon/versions/generation-v/black-white/animated/66.gif
Machoke,67,Lutador,Seu corpo formidável nunca se cansa. Ele ajuda as pessoas fazendo trabalhos como a movimentação de mercadorias pesadas.,https://raw.githubusercontent.com/PokeAPI/sprites/master/sprites/pokemon/versions/generation-v/black-white/animated/67.gif
Machamp,68,Lutador,Seus quatro braços robustos podem lançar uma rajada de 1.000 socos em apenas dois segundos.,https://raw.githubusercontent.com/PokeAPI/sprites/master/sprites/pokemon/versions/generation-v/black-white/animated/68.gif
Bellsprout,69,Grama/Veneno,"Seu botão parece um rosto humano. Por causa do botão, dizem que é um tipo de planta lendária de mandrágora.",https://raw.githubusercontent.com/PokeAPI/sprites/master/sprites/pokemon/versions/generation-v/black-white/animated/69.gif
Weepinbell,70,Grama/Veneno,As partes folhosas atuam como cortadores para cortar inimigos. Cospe um fluido que dissolve tudo.,https://raw.githubusercontent.com/PokeAPI/sprites/master/sprites/pokemon/versions/generation-v/black-white/animated/70.gif
Victreebel,71,Grama/Veneno,Atrai a presa para a boca com um aroma de mel. A presa indefesa é derretida com um fluido em dissolução.,https://raw.githubusercontent.com/PokeAPI/sprites/master/sprites/pokemon/versions/generation-v/black-white/animated/71.gif
Tentacool,72,Água/Veneno,"Seus olhos são transparentes como cristais. Deles, dispara feixes de luz misteriosos.",https://raw.githubusercontent.com/PokeAPI/sprites/master/sprites/pokemon/versions/generation-v/black-white/animated/72.gif
Tentacruel,73,Água/Veneno,"Tem 80 tentáculos que se movem livremente. Eles podem picar, causando envenenamento e dor aguda e penetrante.",https://raw.githubusercontent.com/PokeAPI/sprites/master/sprites/pokemon/versions/generation-v/black-white/animated/73.gif
Geodude,74,Rocha/Terra,A sua forma redonda torna-o fácil de apanhar. Algumas pessoas os usaram para atirar umas nas outras em uma guerra de bolas de neve.,https://raw.githubusercontent.com/PokeAPI/sprites/master/sprites/pokemon/versions/generation-v/black-white/animated/74.gif
Graveler,75,Rocha/Terra,Tenha cuidado ao caminhar em trilhas de montanha. O GRAVELER pode vir rolando pelo caminho sem diminuir a velocidade.,https://raw.githubusercontent.com/PokeAPI/sprites/master/sprites/pokemon/versions/generation-v/black-white/animated/75.gif
Golem,76,Rocha/Terra,Está envolto em uma casca dura que é tão áspera quanto lajes de rocha. Ele muda de pele uma vez por ano para crescer.,https://raw.githubusercontent.com/PokeAPI/sprites/master/sprites/pokemon/versions/generation-v/black-white/animated/76.gif
Ponyta,77,Fogo,Seu corpo é leve e suas pernas são incrivelmente poderosas. Pode limpar Ayers Rock em um salto.,https://raw.githubusercontent.com/PokeAPI/sprites/master/sprites/pokemon/versions/generation-v/black-white/animated/77.gif
Rapidash,78,Fogo,Ele pode galopar a uma velocidade máxima de 150 milhas por hora. Ele pode correr tão rápido quanto um trem-bala enquanto está em chamas.,https://raw.githubusercontent.com/PokeAPI/sprites/master/sprites/pokemon/versions/generation-v/black-white/animated/78.gif
Slowpoke,79,Água/Psíquico,"Está sempre vagamente perdido em pensamentos, mas ninguém sabe no que está pensando. É bom pescar com a cauda.",https://raw.githubusercontent.com/PokeAPI/sprites/master/sprites/pokemon/versions/generation-v/black-white/animated/79.gif
Slowbro,80,Água/Psíquico,"Quando um SLOWPOKE foi caçar no mar, seu rabo foi mordido por um SHELLDER. Isso o fez evoluir para SLOWBRO.",https://raw.githubusercontent.com/PokeAPI/sprites/master/sprites/pokemon/versions/generation-v/black-white/animated/80.gif
Magnemite,81,Elétrica/Aço,Ele se move enquanto paira constantemente. Ele descarrega THUNDER WAVE e assim por diante das unidades em seus lados.,https://raw.githubusercontent.com/PokeAPI/sprites/master/sprites/pokemon/versions/generation-v/black-white/animated/81.gif
Magneton,82,Elétrica/Aço,Um aglomerado interligado formado por vários MAGNEMITE. Ele descarrega poderosas ondas magnéticas em alta tensão.,https://raw.githubusercontent.com/PokeAPI/sprites/master/sprites/pokemon/versions/generation-v/black-white/animated/82.gif
Farfetch'd,83,Normal/Voador,Anda sempre com um talo de planta preso no bico. O caule é usado para construir seu ninho.,https://raw.githubusercontent.com/PokeAPI/sprites/master/sprites/pokemon/versions/generation-v/black-white/animated/83.gif
Doduo,84,Normal/Voador,Um Pokémon de duas cabeças que foi descoberto como uma mutação repentina. Ele corre a um ritmo de mais de 60 milhas por hora.,https://raw.githubusercontent.com/PokeAPI/sprites/master/sprites/pokemon/versions/generation-v/black-white/animated/84.gif
Dodrio,85,Normal/Voador,"Uma espécie estranha que raramente é encontrada. As três cabeças representam, respectivamente, alegria, tristeza e raiva.",https://raw.githubusercontent.com/PokeAPI/sprites/master/sprites/pokemon/versions/generation-v/black-white/animated/85.gif
Seel,86,Água,"Coberto com pêlo azul claro, sua pele é grossa e resistente. É ativo em frio intenso de menos 40 graus Fahrenheit.",https://raw.githubusercontent.com/PokeAPI/sprites/master/sprites/pokemon/versions/generation-v/black-white/animated/86.gif
Dewgong,87,Água/Gelo,"Seu corpo é coberto por uma pelagem branca pura. Quanto mais frio o clima, mais ativo ele se torna.",https://raw.githubusercontent.com/PokeAPI/sprites/master/sprites/pokemon/versions/generation-v/black-white/animated/87.gif
Grimer,88,Veneno,Lodo exposto aos raios X da lua transformado em GRIMER. Adora se alimentar de coisas imundas.,https://raw.githubusercontent.com/PokeAPI/sprites/master/sprites/pokemon/versions/generation-v/black-white/animated/88.gif
Muk,89,Veneno,Geralmente é indetectável porque se mistura com o solo. Tocá-lo pode causar envenenamento terrível.,https://raw.githubusercontent.com/PokeAPI/sprites/master/sprites/pokemon/versions/generation-v/black-white/animated/89.gif
Shellder,90,Água,"É envolto em uma casca que é mais dura que o diamante. Por dentro, no entanto, é surpreendentemente macio.",https://raw.githubusercontent.com/PokeAPI/sprites/master/sprites/pokemon/versions/generation-v/black-white/animated/90.gif
Cloyster,91,Água/Gelo,"Sua casca é extremamente dura. Não pode ser quebrado, mesmo com uma bomba. O shell abre apenas quando está atacando.",https://raw.githubusercontent.com/PokeAPI/sprites/master/sprites/pokemon/versions/generation-v/black-white/animated/91.gif
Gastly,92,fantasma/veneno,Um ser que existe como um gás fino. Ele pode derrubar um elefante indiano envolvendo a presa em dois segundos.,https://raw.githubusercontent.com/PokeAPI/sprites/master/sprites/pokemon/versions/generation-v/black-white/animated/92.gif
Haunter,93,fantasma/veneno,"Se você tem a sensação de estar sendo observado na escuridão quando ninguém está por perto, HAUNTER está lá.",https://raw.githubusercontent.com/PokeAPI/sprites/master/sprites/pokemon/versions/generation-v/black-white/animated/93.gif
Gengar,94,fantasma/veneno,Diz-se que emergiu da escuridão para roubar a vida daqueles que se perderam nas montanhas.,https://raw.githubusercontent.com/PokeAPI/sprites/master/sprites/pokemon/versions/generation-v/black-white/animated/94.gif
Onix,95,Rocha/Terra,Geralmente vive no subsolo. Ele procura comida enquanto perfura o solo a 80 quilômetros por hora.,https://raw.githubusercontent.com/PokeAPI/sprites/master/sprites/pokemon/versions/generation-v/black-white/animated/95.gif
Drowzee,96,Psíquico,"Um descendente do lendário animal baku, que dizem comer sonhos. É hábil em hipnotismo.",https://raw.githubusercontent.com/PokeAPI/sprites/master/sprites/pokemon/versions/generation-v/black-white/animated/96.gif
Hypno,97,Psíquico,"Ele carrega um dispositivo semelhante a um pêndulo. Certa vez, houve um incidente em que ele levou uma criança hipnotizada.",https://raw.githubusercontent.com/PokeAPI/sprites/master/sprites/pokemon/versions/generation-v/black-white/animated/97.gif
Krabby,98,Água,Pode ser encontrado perto do mar. As pinças grandes voltam a crescer se forem arrancadas de seus encaixes.,https://raw.githubusercontent.com/PokeAPI/sprites/master/sprites/pokemon/versions/generation-v/black-white/animated/98.gif
Kingler,99,Água,"Sua pinça grande e dura tem força de 10.000 cavalos de potência. No entanto, sendo tão grande, é difícil de mover.",https://raw.githubusercontent.com/PokeAPI/sprites/master/sprites/pokemon/versions/generation-v/black-white/animated/99.gif
Voltorb,100,Elétrico,Uma forma de vida cuja identidade é desconhecida. Diz-se que SCREECH ou de repente SELFDESTRUCT.,https://raw.githubusercontent.com/PokeAPI/sprites/master/sprites/pokemon/versions/generation-v/black-white/animated/100.gif
Electrode,101,Elétrico,"Ele explode em resposta até mesmo a estímulos menores. É temido, com o apelido de “The Bomb Ball”.",https://raw.githubusercontent.com/PokeAPI/sprites/master/sprites/pokemon/versions/generation-v/black-white/animated/101.gif
Exeggcute,102,Grama/Psíquico,"Embora pareça ser algum tipo de ovo, descobriu-se que é uma forma de vida mais parecida com sementes de plantas.",https://raw.githubusercontent.com/PokeAPI/sprites/master/sprites/pokemon/versions/generation-v/black-white/animated/102.gif
Exeggutor,103,Grama/Psíquico,Chama-se “The Walking Tropical Rainforest”. Cada uma das nozes tem um rosto e uma vontade própria.,https://raw.githubusercontent.com/PokeAPI/sprites/master/sprites/pokemon/versions/generation-v/black-white/animated/103.gif
Cubone,104,Terra,"Ele usa o crânio de sua mãe morta em sua cabeça. Quando se torna solitário, diz-se que chora alto.",https://raw.githubusercontent.com/PokeAPI/sprites/master/sprites/pokemon/versions/generation-v/black-white/animated/104.gif
Marowak,105,Terra,É pequeno e originalmente era muito fraco. Seu temperamento tornou-se feroz quando começou a usar ossos.,https://raw.githubusercontent.com/PokeAPI/sprites/master/sprites/pokemon/versions/generation-v/black-white/animated/105.gif
Hitmonlee,106,Lutador,As pernas contraem-se e alongam-se livremente. As pernas elásticas permitem atingir um inimigo distante com um chute ascendente.,https://raw.githubusercontent.com/PokeAPI/sprites/master/sprites/pokemon/versions/generation-v/black-white/animated/106.gif
Hitmonchan,107,Lutador,O espírito de um boxeador profissional infundiu este Pokémon. Ele dá socos mais rápidos que um trem-bala.,https://raw.githubusercontent.com/PokeAPI/sprites/master/sprites/pokemon/versions/generation-v/black-white/animated/107.gif
Lickitung,108,Normal,Sua língua tem o dobro do comprimento de seu corpo. Pode ser movido como um braço para pegar comida e atacar.,https://raw.githubusercontent.com/PokeAPI/sprites/master/sprites/pokemon/versions/generation-v/black-white/animated/108.gif
Koffing,109,Veneno,"Seu corpo fino, semelhante a um balão, é inflado por gases terrivelmente tóxicos. Cheira quando está por perto.",https://raw.githubusercontent.com/PokeAPI/sprites/master/sprites/pokemon/versions/generation-v/black-white/animated/109.gif
Weezing,110,Veneno,"Muito raramente, uma mutação repentina pode resultar em dois pequenos gêmeos KOFFING se unindo como um WEEZING.",https://raw.githubusercontent.com/PokeAPI/sprites/master/sprites/pokemon/versions/generation-v/black-white/animated/110.gif
Rhyhorn,111,Solo/Rocha,"Forte, mas não muito brilhante, este Pokémon pode quebrar até mesmo um arranha-céu com seus TACKLES de carga.",https://raw.githubusercontent.com/PokeAPI/sprites/master/sprites/pokemon/versions/generation-v/black-white/animated/111.gif
Rhydon,112,Solo/Rocha,Ele começa a andar sobre as patas traseiras após a evolução. Ele pode perfurar pedras com seu chifre.,https://raw.githubusercontent.com/PokeAPI/sprites/master/sprites/pokemon/versions/generation-v/black-white/animated/112.gif
Chansey,113,Normal,Põe vários ovos por dia. Os ovos são aparentemente ricos em nutrientes e extremamente deliciosos.,https://raw.githubusercontent.com/PokeAPI/sprites/master/sprites/pokemon/versions/generation-v/black-white/animated/113.gif
Tangela,114,Grama,Vinhas de plantas azuis encobrem a identidade do Pokémon em uma massa emaranhada. Ele emaranha qualquer coisa que se aproxime.,https://raw.githubusercontent.com/PokeAPI/sprites/master/sprites/pokemon/versions/generation-v/black-white/animated/114.gif
Kangaskhan,115,Normal,A fêmea cria seus filhotes em uma bolsa em sua barriga. É habilidoso em atacar usando COMET PUNCH.,https://raw.githubusercontent.com/PokeAPI/sprites/master/sprites/pokemon/versions/generation-v/black-white/animated/115.gif
Horsea,116,Água,"Ele mantém o equilíbrio usando sua cauda, ​​que é enrolada como uma bobina. Pode espirrar tinta de sua boca.",https://raw.githubusercontent.com/PokeAPI/sprites/master/sprites/pokemon/versions/generation-v/black-white/animated/116.gif
Seadra,117,Água,Seu corpo está cheio de pontas afiadas. Tentar tocá-lo descuidadamente pode causar desmaios por causa dos espinhos.,https://raw.githubusercontent.com/PokeAPI/sprites/master/sprites/pokemon/versions/generation-v/black-white/animated/117.gif
Goldeen,118,Água,Suas barbatanas dorsal e peitoral são fortemente desenvolvidas como músculos. Ele pode nadar a uma velocidade de cinco nós.,https://raw.githubusercontent.com/PokeAPI/sprites/master/sprites/pokemon/versions/generation-v/black-white/animated/118.gif
Seaking,119,Água,O chifre em sua cabeça é afiado como uma broca. Ele abre um buraco em uma pedra para fazer seu ninho.,https://raw.githubusercontent.com/PokeAPI/sprites/master/sprites/pokemon/versions/generation-v/black-white/animated/119.gif
Staryu,120,Água,"Aparece em grande número à beira-mar. À noite, seu núcleo central pisca com uma luz vermelha.",https://raw.githubusercontent.com/PokeAPI/sprites/master/sprites/pokemon/versions/generation-v/black-white/animated/120.gif
Starmie,121,Água/Psíquico,"Este Pokémon tem um corpo geométrico. Por causa de seu corpo, os moradores suspeitam que seja uma criatura alienígena.",https://raw.githubusercontent.com/PokeAPI/sprites/master/sprites/pokemon/versions/generation-v/black-white/animated/121.gif
Mr. Mime,122,Psíquico/Fada,É perito em enganar as pessoas. Diz-se que é capaz de criar paredes do nada por meio de mímica.,https://raw.githubusercontent.com/PokeAPI/sprites/master/sprites/pokemon/versions/generation-v/black-white/animated/122.gif
Scyther,123,Inseto/Voador,Ele rasga e retalha a presa com suas foices perversamente afiadas. Raramente abre as asas para Voador.,https://raw.githubusercontent.com/PokeAPI/sprites/master/sprites/pokemon/versions/generation-v/black-white/animated/123.gif
Jynx,124,Gelo/Psíquico,Ele fala usando uma linguagem que soa humana. A pesquisa está em andamento para determinar o que está sendo dito.,https://raw.githubusercontent.com/PokeAPI/sprites/master/sprites/pokemon/versions/generation-v/black-white/animated/124.gif
Electabuzz,125,Elétrico,Adora se alimentar de eletricidade forte. Ocasionalmente aparece em torno de grandes usinas de energia e assim por diante.,https://raw.githubusercontent.com/PokeAPI/sprites/master/sprites/pokemon/versions/generation-v/black-white/animated/125.gif
Magmar,126,Fogo,Encontrado perto da boca de um vulcão. A temperatura corporal deste respirador de fogo é de quase 2.200 graus Fahrenheit.,https://raw.githubusercontent.com/PokeAPI/sprites/master/sprites/pokemon/versions/generation-v/black-white/animated/126.gif
Pinsir,127,Inseto,"Seus dois longos chifres de pinça são poderosos. Uma vez que eles agarram um inimigo, eles não vão liberar até que o inimigo seja dilacerado.",https://raw.githubusercontent.com/PokeAPI/sprites/master/sprites/pokemon/versions/generation-v/black-white/animated/127.gif
Tauros,128,Normal,"Quando está prestes a enfrentar, ele chicoteia seu corpo repetidamente com suas três longas caudas.",https://raw.githubusercontent.com/PokeAPI/sprites/master/sprites/pokemon/versions/generation-v/black-white/animated/128.gif
Magikarp,129,Água,É praticamente inútil em termos de potência e velocidade. É o Pokémon mais fraco e patético do mundo.,https://raw.githubusercontent.com/PokeAPI/sprites/master/sprites/pokemon/versions/generation-v/black-white/animated/129.gif
Gyarados,130,Água/Voador,Tem uma natureza extremamente agressiva. O HYPER BEAM que ele dispara de sua boca incinera totalmente todos os alvos.,https://raw.githubusercontent.com/PokeAPI/sprites/master/sprites/pokemon/versions/generation-v/black-white/animated/130.gif
Lapras,131,Água/Gelo,Sua alta inteligência permite que ele entenda a fala humana. Ele gosta de transportar pessoas em suas costas.,https://raw.githubusercontent.com/PokeAPI/sprites/master/sprites/pokemon/versions/generation-v/black-white/animated/131.gif
Ditto,132,Normal,Ele pode recombinar livremente sua própria estrutura celular para se transformar em outras formas de vida.,https://raw.githubusercontent.com/PokeAPI/sprites/master/sprites/pokemon/versions/generation-v/black-white/animated/132.gif
Eevee,133,Normal,Um Pokémon extremamente raro que pode evoluir de várias maneiras dependendo dos estímulos.,https://raw.githubusercontent.com/PokeAPI/sprites/master/sprites/pokemon/versions/generation-v/black-white/animated/133.gif
Vaporeon,134,Água,A estrutura celular de seu corpo é semelhante à composição molecular da água. Pode derreter invisivelmente na água.,https://raw.githubusercontent.com/PokeAPI/sprites/master/sprites/pokemon/versions/generation-v/black-white/animated/134.gif
Jolteon,135,Elétrico,"Se estiver com raiva ou assustado, todo o pelo de seu corpo se eriça como agulhas afiadas que perfuram os inimigos.",https://raw.githubusercontent.com/PokeAPI/sprites/master/sprites/pokemon/versions/generation-v/black-white/animated/135.gif
Flareon,136,Fogo,"Tem um saco de chamas dentro de seu corpo. Depois de inalar profundamente, ele sopra chamas de quase 3.100 graus Fahrenheit.",https://raw.githubusercontent.com/PokeAPI/sprites/master/sprites/pokemon/versions/generation-v/black-white/animated/136.gif
Porygon,137,Normal,"Usando as tecnologias mais avançadas, os cientistas finalmente conseguiram fazer o primeiro Pokémon artificial.",https://raw.githubusercontent.com/PokeAPI/sprites/master/sprites/pokemon/versions/generation-v/black-white/animated/137.gif
Omanyte,138,Rocha/Água,"Um Pokémon pré-histórico que viveu no mar primordial, ele nada girando seus 10 tentáculos.",https://raw.githubusercontent.com/PokeAPI/sprites/master/sprites/pokemon/versions/generation-v/black-white/animated/138.gif
Omastar,139,Rocha/Água,"Seus tentáculos são altamente desenvolvidos como se fossem mãos e pés. Assim que enlaça a presa, ela morde.",https://raw.githubusercontent.com/PokeAPI/sprites/master/sprites/pokemon/versions/generation-v/black-white/animated/139.gif
Kabuto,140,Rocha/Água,Este Pokémon foi regenerado a partir do fóssil de uma criatura antiga. Ele se protege com uma casca dura.,https://raw.githubusercontent.com/PokeAPI/sprites/master/sprites/pokemon/versions/generation-v/black-white/animated/140.gif
Kabutops,141,Rocha/Água,Ele nada livremente através da água. Ele pega a presa com seus braços em forma de foice e drena os fluidos da vítima.,https://raw.githubusercontent.com/PokeAPI/sprites/master/sprites/pokemon/versions/generation-v/black-white/animated/141.gif
Aerodactyl,142,Rocha/Voador,Foi regenerado a partir da matéria genética de um dinossauro encontrada em âmbar. Ele voa com gritos agudos.,https://raw.githubusercontent.com/PokeAPI/sprites/master/sprites/pokemon/versions/generation-v/black-white/animated/142.gif
Snorlax,143,Normal,"Não fica satisfeito a menos que coma mais de 880 libras de comida todos os dias. Quando termina de comer, vai imediatamente dormir.",https://raw.githubusercontent.com/PokeAPI/sprites/master/sprites/pokemon/versions/generation-v/black-white/animated/143.gif
Articuno,144,Gelo/Voador,"Um dos lendários pássaros Pokémon. Com sua longa cauda arrastando para trás, sua forma voadora é magnífica.",https://raw.githubusercontent.com/PokeAPI/sprites/master/sprites/pokemon/versions/generation-v/black-white/animated/144.gif
Zapdos,145,Elétrico/Voador,"Um dos lendários pássaros Pokémon. Enquanto está voando, faz sons de estalos e estalos.",https://raw.githubusercontent.com/PokeAPI/sprites/master/sprites/pokemon/versions/generation-v/black-white/animated/145.gif
Moltres,146,Fogo/Voador,Um dos lendários pássaros Pokémon. Quem o vê fica maravilhado com suas asas laranjas que parecem estar pegando fogo.,https://raw.githubusercontent.com/PokeAPI/sprites/master/sprites/pokemon/versions/generation-v/black-white/animated/146.gif
Dratini,147,Dragão,"Mesmo os jovens podem exceder 6,5 pés de comprimento. Ele fica maior trocando de pele repetidamente.",https://raw.githubusercontent.com/PokeAPI/sprites/master/sprites/pokemon/versions/generation-v/black-white/animated/147.gif
Dragonair,148,Dragão,"Diz-se que vive em mares e lagos. Embora não tenha asas, foi visto voando ocasionalmente.",https://raw.githubusercontent.com/PokeAPI/sprites/master/sprites/pokemon/versions/generation-v/black-white/animated/148.gif
Dragonite,149,Dragão/Voador,Ele pode Voador apesar de seu físico grande e volumoso. Ele dá a volta ao mundo em apenas 16 horas.,https://raw.githubusercontent.com/PokeAPI/sprites/master/sprites/pokemon/versions/generation-v/black-white/animated/149.gif
Mewtwo,150,Psíquico,Um Pokémon cujo código genético foi repetidamente recombinado para pesquisa. Tornou-se cruel como resultado.,https://raw.githubusercontent.com/PokeAPI/sprites/master/sprites/pokemon/versions/generation-v/black-white/animated/150.gif
Mew,151,Psíquico,Um Pokémon da América do Sul que se pensava ter sido extinto. É muito inteligente e aprende qualquer movimento.,https://raw.githubusercontent.com/PokeAPI/sprites/master/sprites/pokemon/versions/generation-v/black-white/animated/151.gif
